-- Generated by scripts/gen-menu-seed-sql.mjs — do not edit by hand; re-run the script.
-- Depends on public.restaurants row with slug gwada-demo (seed.sql).

do $$
declare
  rid uuid;
begin
  select id into rid from public.restaurants where slug = 'gwada-demo' limit 1;
  if rid is null then
    raise notice 'seed_menu_relational: no gwada-demo restaurant, skip';
    return;
  end if;

  insert into public.menu_main_categories (id, restaurant_id, name, sort_order, is_active) values
    ('a1000000-0000-4000-8000-000000000001', rid, 'Speisen', 0, true),
    ('a1000000-0000-4000-8000-000000000002', rid, 'Getränke', 1, true)
  on conflict (id) do nothing;

  insert into public.menu_categories (id, restaurant_id, name, sort_order, is_active, main_category_id) values
    ('b1000000-0000-4000-8000-000000000001', rid, 'Vorspeisen', 0, true, 'a1000000-0000-4000-8000-000000000001'),
    ('b1000000-0000-4000-8000-000000000002', rid, 'Hauptgerichte', 1, true, 'a1000000-0000-4000-8000-000000000001'),
    ('b1000000-0000-4000-8000-000000000003', rid, 'Beilagen', 2, true, 'a1000000-0000-4000-8000-000000000001'),
    ('b1000000-0000-4000-8000-000000000004', rid, 'Desserts', 3, true, 'a1000000-0000-4000-8000-000000000001'),
    ('b1000000-0000-4000-8000-000000000005', rid, 'Getränke', 4, true, 'a1000000-0000-4000-8000-000000000002')
  on conflict (id) do nothing;

  insert into public.menu_tags (id, restaurant_id, name, background_color, sort_order, is_active) values
    ('c2000000-0000-4000-8000-000000000001', rid, 'Vegan', '#059669', 0, true),
    ('c2000000-0000-4000-8000-000000000002', rid, 'Vegetarisch', '#16a34a', 1, true),
    ('c2000000-0000-4000-8000-000000000003', rid, 'Spicy', '#ea580c', 2, true),
    ('c2000000-0000-4000-8000-000000000004', rid, 'Halal', '#ca8a04', 3, true)
  on conflict (id) do nothing;

  insert into public.menu_allergens (id, restaurant_id, name, background_color, sort_order, is_active) values
    ('d3000000-0000-4000-8000-000000000001', rid, 'Gluten', '#d97706', 0, true),
    ('d3000000-0000-4000-8000-000000000002', rid, 'Nüsse', '#ca8a04', 1, true),
    ('d3000000-0000-4000-8000-000000000003', rid, 'Milch', '#0284c7', 2, true)
  on conflict (id) do nothing;

  insert into public.menu_items (id, restaurant_id, category_id, name, description, price, image_url, is_active, list_number) values
    ('f0000000-0000-4000-8000-000000000001', rid, 'b1000000-0000-4000-8000-000000000001', 'Accras de morue', 'Knusprige Kabeljau-Bällchen mit pikantem Dip – Klassiker der Antillen.', 8.5, 'https://images.unsplash.com/photo-1604908176997-125f25cc6f3d?w=800&q=80', true, null),
    ('f0000000-0000-4000-8000-000000000002', rid, 'b1000000-0000-4000-8000-000000000001', 'Bokit poulet', 'Fluffiges Sandwich-Brot gefüllt mit mariniertem Hähnchen und Sauce chien.', 9.9, 'https://images.unsplash.com/photo-1528735602780-2552fd46c7af?w=800&q=80', true, null),
    ('f0000000-0000-4000-8000-000000000003', rid, 'b1000000-0000-4000-8000-000000000001', 'Assiette créole', 'Variation aus Salat, Avocado, christophinen und hausgemachtem Dressing.', 11.5, 'https://images.unsplash.com/photo-1512621776951-a57141f2eefd?w=800&q=80', true, null),
    ('f0000000-0000-4000-8000-000000000004', rid, 'b1000000-0000-4000-8000-000000000001', 'Feuilletés bouchot', 'Blätterteig mit Muscheln, Knoblauch und feiner Petersilie.', 10.5, 'https://images.unsplash.com/photo-1559339352-11d035aa65de?w=800&q=80', true, null),
    ('f0000000-0000-4000-8000-000000000005', rid, 'b1000000-0000-4000-8000-000000000002', 'Colombo de poulet', 'Langsam geschmortes Huhn in Colombo-Gewürzmischung mit Gemüse und Reis.', 18.9, 'https://images.unsplash.com/photo-1708782344490-9026aaa5eec7?w=800&q=80', true, null),
    ('f0000000-0000-4000-8000-000000000006', rid, 'b1000000-0000-4000-8000-000000000002', 'Griot haïtien', 'Zart mariniertes Schweinefleisch, knusprig gebraten, mit bananes pesées.', 19.5, 'https://images.unsplash.com/photo-1544025162-d766942659de?w=800&q=80', true, null),
    ('f0000000-0000-4000-8000-000000000007', rid, 'b1000000-0000-4000-8000-000000000002', 'Lambi créole', 'Jakobsmuscheln in leichter Tomaten-Kokos-Sauce mit Kräutern.', 24.9, 'https://images.unsplash.com/photo-1559847844-5315695dadae?w=800&q=80', true, null),
    ('f0000000-0000-4000-8000-000000000008', rid, 'b1000000-0000-4000-8000-000000000002', 'Poulet boucané', 'Rauchig gegrilltes Hähnchen mit Zitrus-Marinade und pikantem Rub.', 17.5, 'https://images.unsplash.com/photo-1598103442097-8b74394dd95d?w=800&q=80', true, null),
    ('f0000000-0000-4000-8000-000000000009', rid, 'b1000000-0000-4000-8000-000000000002', 'Cabri colombo', 'Ziegenfleisch-Eintopf mit Colombo, Kartoffeln und Thymian.', 21.9, 'https://images.unsplash.com/photo-1603360946369-dc9bb6258143?w=800&q=80', true, null),
    ('f0000000-0000-4000-8000-00000000000a', rid, 'b1000000-0000-4000-8000-000000000002', 'Poisson braisé', 'Ganzer Dorade am Grill mit Escovitch-Zwiebeln und Beilagensalat.', 22.5, 'https://images.unsplash.com/photo-1519708227412-c8fd9a32b1a8?w=800&q=80', true, null),
    ('f0000000-0000-4000-8000-00000000000b', rid, 'b1000000-0000-4000-8000-000000000002', 'Ragoût de bœuf', 'Langsam geschmortes Rind mit Wurzelgemüse und Gewürznelken.', 20.5, 'https://images.unsplash.com/photo-1604908176997-125f25cc6f3d?w=800&q=80', true, null),
    ('f0000000-0000-4000-8000-00000000000c', rid, 'b1000000-0000-4000-8000-000000000003', 'Bananes pesées', 'Zweimal gebratene Kochbananen – knusprig außen, weich innen.', 6.5, 'https://images.unsplash.com/photo-1571771894821-ce9ba11b0e19?w=800&q=80', true, null),
    ('f0000000-0000-4000-8000-00000000000d', rid, 'b1000000-0000-4000-8000-000000000003', 'Riz colonial', 'Duftender Langkornreis mit Thymian, Knoblauch und Erbsen.', 5.5, 'https://images.unsplash.com/photo-1586201375761-ab2e7d1d2c47?w=800&q=80', true, null),
    ('f0000000-0000-4000-8000-00000000000e', rid, 'b1000000-0000-4000-8000-000000000003', 'Féroce avocat', 'Cremige Avocado-Mousse mit gesalzenem Kabeljau und Manioc.', 7.9, 'https://images.unsplash.com/photo-1523049673857-9c1effa0adb6?w=800&q=80', true, null),
    ('f0000000-0000-4000-8000-00000000000f', rid, 'b1000000-0000-4000-8000-000000000003', 'Accras légumes', 'Frittierte Gemüse-Bällchen mit Kräuter-Dip – vegan & knusprig.', 7.5, 'https://images.unsplash.com/photo-1540420773420-3366772f4999?w=800&q=80', true, null),
    ('f0000000-0000-4000-8000-000000000010', rid, 'b1000000-0000-4000-8000-000000000004', 'Tarte coco', 'Buttriger Mürbeteig mit cremiger Kokosfüllung und Karamell.', 7.9, 'https://images.unsplash.com/photo-1565958011703-44f9829ba187?w=800&q=80', true, null),
    ('f0000000-0000-4000-8000-000000000011', rid, 'b1000000-0000-4000-8000-000000000004', 'Flan coco antillais', 'Seidiger Kokos-Flan mit Vanille und gerösteter Kokosraspel.', 6.9, 'https://images.unsplash.com/photo-1488477181946-6428a0291777?w=800&q=80', true, null),
    ('f0000000-0000-4000-8000-000000000012', rid, 'b1000000-0000-4000-8000-000000000004', 'Sorbet passion', 'Erfrischendes Maracuja-Sorbet mit Minze – leicht & fruchtig.', 5.9, 'https://images.unsplash.com/photo-1563805042-7684c019e1cb?w=800&q=80', true, null),
    ('f0000000-0000-4000-8000-000000000013', rid, 'b1000000-0000-4000-8000-000000000004', 'Banane flambée', 'Karamellisierte Banane mit Rum und Vanilleeis.', 8.5, 'https://images.unsplash.com/photo-1488477181946-6428a0291777?w=800&q=80', true, null),
    ('f0000000-0000-4000-8000-000000000014', rid, 'b1000000-0000-4000-8000-000000000005', 'Ti-punch', 'Rhumerie-klassisch: Rhum agricole, Limette, Rohrzucker.', 9.5, 'https://images.unsplash.com/photo-1514362545857-3bc16c4c7d44?w=800&q=80', true, null),
    ('f0000000-0000-4000-8000-000000000015', rid, 'b1000000-0000-4000-8000-000000000005', 'Sorrel drink', 'Erfrischender Hibiskus-Sirup mit Gewürznelke und Ingwer.', 5.5, 'https://images.unsplash.com/photo-1546173159-315724a31696?w=800&q=80', true, null),
    ('f0000000-0000-4000-8000-000000000016', rid, 'b1000000-0000-4000-8000-000000000005', 'Jus de goyave', 'Frisch gepresster Guaven-Saft – süß, aromatisch, eiskalt.', 4.9, 'https://images.unsplash.com/photo-1622597467838-cfdf208fbccf?w=800&q=80', true, null),
    ('f0000000-0000-4000-8000-000000000017', rid, 'b1000000-0000-4000-8000-000000000005', 'Punch coco', 'Cremiger Kokos-Punch mit Rum und Muskatnuss.', 10.5, 'https://images.unsplash.com/photo-1551024709-8f9b28c1a2c3?w=800&q=80', true, null),
    ('f0000000-0000-4000-8000-000000000018', rid, 'b1000000-0000-4000-8000-000000000005', 'Café gwo gousse', 'Starker Antillen-Espresso mit Kakaonote und Rohrzucker.', 3.9, 'https://images.unsplash.com/photo-1495474472287-4d71bcdd2085?w=800&q=80', true, null)
  on conflict (id) do nothing;

  insert into public.menu_item_tags (menu_item_id, tag_id) values
    ('f0000000-0000-4000-8000-000000000001', 'c2000000-0000-4000-8000-000000000003'),
    ('f0000000-0000-4000-8000-000000000002', 'c2000000-0000-4000-8000-000000000003'),
    ('f0000000-0000-4000-8000-000000000003', 'c2000000-0000-4000-8000-000000000001'),
    ('f0000000-0000-4000-8000-000000000003', 'c2000000-0000-4000-8000-000000000002'),
    ('f0000000-0000-4000-8000-000000000005', 'c2000000-0000-4000-8000-000000000003'),
    ('f0000000-0000-4000-8000-000000000005', 'c2000000-0000-4000-8000-000000000004'),
    ('f0000000-0000-4000-8000-000000000006', 'c2000000-0000-4000-8000-000000000003'),
    ('f0000000-0000-4000-8000-000000000008', 'c2000000-0000-4000-8000-000000000003'),
    ('f0000000-0000-4000-8000-000000000008', 'c2000000-0000-4000-8000-000000000004'),
    ('f0000000-0000-4000-8000-000000000009', 'c2000000-0000-4000-8000-000000000003'),
    ('f0000000-0000-4000-8000-000000000009', 'c2000000-0000-4000-8000-000000000004'),
    ('f0000000-0000-4000-8000-00000000000a', 'c2000000-0000-4000-8000-000000000003'),
    ('f0000000-0000-4000-8000-00000000000c', 'c2000000-0000-4000-8000-000000000001'),
    ('f0000000-0000-4000-8000-00000000000c', 'c2000000-0000-4000-8000-000000000002'),
    ('f0000000-0000-4000-8000-00000000000d', 'c2000000-0000-4000-8000-000000000001'),
    ('f0000000-0000-4000-8000-00000000000d', 'c2000000-0000-4000-8000-000000000002'),
    ('f0000000-0000-4000-8000-00000000000e', 'c2000000-0000-4000-8000-000000000003'),
    ('f0000000-0000-4000-8000-00000000000f', 'c2000000-0000-4000-8000-000000000001'),
    ('f0000000-0000-4000-8000-00000000000f', 'c2000000-0000-4000-8000-000000000002'),
    ('f0000000-0000-4000-8000-00000000000f', 'c2000000-0000-4000-8000-000000000003'),
    ('f0000000-0000-4000-8000-000000000010', 'c2000000-0000-4000-8000-000000000002'),
    ('f0000000-0000-4000-8000-000000000011', 'c2000000-0000-4000-8000-000000000002'),
    ('f0000000-0000-4000-8000-000000000012', 'c2000000-0000-4000-8000-000000000001'),
    ('f0000000-0000-4000-8000-000000000012', 'c2000000-0000-4000-8000-000000000002'),
    ('f0000000-0000-4000-8000-000000000013', 'c2000000-0000-4000-8000-000000000002'),
    ('f0000000-0000-4000-8000-000000000014', 'c2000000-0000-4000-8000-000000000001'),
    ('f0000000-0000-4000-8000-000000000014', 'c2000000-0000-4000-8000-000000000002'),
    ('f0000000-0000-4000-8000-000000000015', 'c2000000-0000-4000-8000-000000000001'),
    ('f0000000-0000-4000-8000-000000000015', 'c2000000-0000-4000-8000-000000000002'),
    ('f0000000-0000-4000-8000-000000000016', 'c2000000-0000-4000-8000-000000000001'),
    ('f0000000-0000-4000-8000-000000000016', 'c2000000-0000-4000-8000-000000000002'),
    ('f0000000-0000-4000-8000-000000000017', 'c2000000-0000-4000-8000-000000000002'),
    ('f0000000-0000-4000-8000-000000000018', 'c2000000-0000-4000-8000-000000000001'),
    ('f0000000-0000-4000-8000-000000000018', 'c2000000-0000-4000-8000-000000000002')
  on conflict (menu_item_id, tag_id) do nothing;

  insert into public.menu_item_allergens (menu_item_id, allergen_id) values
    ('f0000000-0000-4000-8000-000000000004', 'd3000000-0000-4000-8000-000000000001'),
    ('f0000000-0000-4000-8000-00000000000d', 'd3000000-0000-4000-8000-000000000001'),
    ('f0000000-0000-4000-8000-000000000010', 'd3000000-0000-4000-8000-000000000003'),
    ('f0000000-0000-4000-8000-000000000010', 'd3000000-0000-4000-8000-000000000001'),
    ('f0000000-0000-4000-8000-000000000010', 'd3000000-0000-4000-8000-000000000002'),
    ('f0000000-0000-4000-8000-000000000011', 'd3000000-0000-4000-8000-000000000003'),
    ('f0000000-0000-4000-8000-000000000013', 'd3000000-0000-4000-8000-000000000003'),
    ('f0000000-0000-4000-8000-000000000017', 'd3000000-0000-4000-8000-000000000003')
  on conflict (menu_item_id, allergen_id) do nothing;

  insert into public.menu_item_recipe_lines (menu_item_id, ingredient_id, amount, sort_order) values
    ('f0000000-0000-4000-8000-000000000001', 'ing-1', 400, 0)
  on conflict (menu_item_id, ingredient_id) do nothing;

end $$;
